id,y_pred
test_000001,1
test_000002,4
test_000003,4
test_000004,0
test_000005,1
test_000006,3
test_000007,1
test_000008,4
test_000009,2
test_000010,4
test_000011,4
test_000012,1
test_000013,1
test_000014,4
test_000015,2
test_000016,4
test_000017,0
test_000018,4
test_000019,0
test_000020,2
test_000021,2
test_000022,3
test_000023,1
test_000024,1
test_000025,2
test_000026,0
test_000027,3
test_000028,3
test_000029,0
test_000030,2
test_000031,4
test_000032,0
test_000033,4
test_000034,4
test_000035,2
test_000036,3
test_000037,0
test_000038,1
test_000039,3
test_000040,4
test_000041,1
test_000042,3
test_000043,1
test_000044,2
test_000045,0
test_000046,2
test_000047,3
test_000048,2
test_000049,0
test_000050,3
test_000051,2
test_000052,0
test_000053,1
test_000054,2
test_000055,1
test_000056,0
test_000057,4
test_000058,4
test_000059,1
test_000060,2
test_000061,1
test_000062,1
test_000063,3
test_000064,4
test_000065,1
test_000066,1
test_000067,0
test_000068,1
test_000069,1
test_000070,4
test_000071,3
test_000072,2
test_000073,4
test_000074,4
test_000075,2
test_000076,4
test_000077,3
test_000078,2
test_000079,0
test_000080,0
test_000081,0
test_000082,0
test_000083,2
test_000084,2
test_000085,2
test_000086,1
test_000087,2
test_000088,4
test_000089,1
test_000090,4
test_000091,2
test_000092,1
test_000093,1
test_000094,3
test_000095,3
test_000096,0
test_000097,2
test_000098,3
test_000099,3
test_000100,0
test_000101,4
test_000102,2
test_000103,2
test_000104,1
test_000105,3
test_000106,3
test_000107,4
test_000108,1
test_000109,2
test_000110,0
test_000111,4
test_000112,4
test_000113,2
test_000114,4
test_000115,4
test_000116,3
test_000117,1
test_000118,2
test_000119,2
test_000120,3
test_000121,3
test_000122,2
test_000123,4
test_000124,0
test_000125,3
test_000126,3
test_000127,4
test_000128,1
test_000129,4
test_000130,4
test_000131,0
test_000132,1
test_000133,4
test_000134,2
test_000135,2
test_000136,1
test_000137,3
test_000138,2
test_000139,4
test_000140,3
test_000141,4
test_000142,2
test_000143,1
test_000144,3
test_000145,3
test_000146,0
test_000147,1
test_000148,1
test_000149,1
test_000150,4
test_000151,0
test_000152,1
test_000153,2
test_000154,3
test_000155,1
test_000156,3
test_000157,2
test_000158,4
test_000159,3
test_000160,3
test_000161,1
test_000162,2
test_000163,4
test_000164,2
test_000165,1
test_000166,3
test_000167,3
test_000168,2
test_000169,1
test_000170,2
test_000171,3
test_000172,0
test_000173,3
test_000174,0
test_000175,3
test_000176,4
test_000177,0
test_000178,3
test_000179,3
test_000180,1
test_000181,4
test_000182,2
test_000183,0
test_000184,0
test_000185,4
test_000186,2
test_000187,2
test_000188,0
test_000189,0
test_000190,4
test_000191,0
test_000192,4
test_000193,1
test_000194,1
test_000195,2
test_000196,2
test_000197,3
test_000198,1
test_000199,2
test_000200,2
test_000201,2
test_000202,3
test_000203,0
test_000204,4
test_000205,2
test_000206,4
test_000207,4
test_000208,3
test_000209,1
test_000210,0
test_000211,0
test_000212,1
test_000213,0
test_000214,3
test_000215,2
test_000216,3
test_000217,1
test_000218,3
test_000219,0
test_000220,4
test_000221,2
test_000222,4
test_000223,4
test_000224,2
test_000225,0
test_000226,3
test_000227,2
test_000228,1
test_000229,3
test_000230,1
test_000231,4
test_000232,0
test_000233,4
test_000234,2
test_000235,1
test_000236,0
test_000237,2
test_000238,2
test_000239,0
test_000240,0
test_000241,3
test_000242,3
test_000243,1
test_000244,0
test_000245,4
test_000246,4
test_000247,0
test_000248,4
test_000249,1
test_000250,3
test_000251,0
test_000252,2
test_000253,3
test_000254,3
test_000255,0
test_000256,3
test_000257,1
test_000258,4
test_000259,3
test_000260,1
test_000261,1
test_000262,3
test_000263,1
test_000264,3
test_000265,3
test_000266,4
test_000267,4
test_000268,0
test_000269,0
test_000270,4
test_000271,3
test_000272,2
test_000273,3
test_000274,3
test_000275,0
test_000276,4
test_000277,1
test_000278,2
test_000279,1
test_000280,4
test_000281,4
test_000282,1
test_000283,0
test_000284,4
test_000285,2
test_000286,0
test_000287,3
test_000288,4
test_000289,4
test_000290,0
test_000291,4
test_000292,2
test_000293,2
test_000294,1
test_000295,2
test_000296,0
test_000297,3
test_000298,3
test_000299,3
test_000300,4
test_000301,3
test_000302,4
test_000303,4
test_000304,1
test_000305,0
test_000306,0
test_000307,3
test_000308,2
test_000309,1
test_000310,4
test_000311,2
test_000312,3
test_000313,1
test_000314,2
test_000315,4
test_000316,2
test_000317,3
test_000318,1
test_000319,2
test_000320,4
test_000321,4
test_000322,4
test_000323,1
test_000324,1
test_000325,3
test_000326,3
test_000327,4
test_000328,0
test_000329,2
test_000330,1
test_000331,4
test_000332,4
test_000333,1
test_000334,0
test_000335,4
test_000336,2
test_000337,2
test_000338,1
test_000339,2
test_000340,3
test_000341,3
test_000342,4
test_000343,1
test_000344,4
test_000345,4
test_000346,4
test_000347,4
test_000348,2
test_000349,1
test_000350,0
test_000351,1
test_000352,1
test_000353,3
test_000354,3
test_000355,2
test_000356,0
test_000357,2
test_000358,2
test_000359,2
test_000360,1
test_000361,3
test_000362,3
test_000363,0
test_000364,4
test_000365,4
test_000366,4
test_000367,2
test_000368,2
test_000369,1
test_000370,4
test_000371,0
test_000372,3
test_000373,4
test_000374,4
test_000375,1
test_000376,4
test_000377,4
test_000378,2
test_000379,2
test_000380,2
test_000381,0
test_000382,3
test_000383,4
test_000384,0
test_000385,2
test_000386,2
test_000387,1
test_000388,0
test_000389,2
test_000390,2
test_000391,2
test_000392,4
test_000393,0
test_000394,0
test_000395,1
test_000396,2
test_000397,3
test_000398,0
test_000399,2
test_000400,3
test_000401,1
test_000402,0
test_000403,3
test_000404,3
test_000405,2
test_000406,0
test_000407,3
test_000408,4
test_000409,4
test_000410,3
test_000411,0
test_000412,2
test_000413,1
test_000414,2
test_000415,1
test_000416,1
test_000417,4
test_000418,3
test_000419,4
test_000420,4
test_000421,1
test_000422,0
test_000423,4
test_000424,2
test_000425,1
test_000426,4
test_000427,4
test_000428,0
test_000429,3
test_000430,2
test_000431,2
test_000432,0
test_000433,0
test_000434,3
test_000435,3
test_000436,1
test_000437,2
test_000438,1
test_000439,3
test_000440,2
test_000441,1
test_000442,0
test_000443,3
test_000444,1
test_000445,1
test_000446,0
test_000447,4
test_000448,2
test_000449,4
test_000450,1
test_000451,3
test_000452,1
test_000453,4
test_000454,0
test_000455,0
test_000456,1
test_000457,2
test_000458,2
test_000459,4
test_000460,4
test_000461,2
test_000462,0
test_000463,0
test_000464,1
test_000465,2
test_000466,0
test_000467,3
test_000468,2
test_000469,2
test_000470,4
test_000471,0
test_000472,3
test_000473,2
test_000474,1
test_000475,2
test_000476,2
test_000477,0
test_000478,4
test_000479,4
test_000480,1
test_000481,3
test_000482,1
test_000483,2
test_000484,2
test_000485,4
test_000486,3
test_000487,3
test_000488,4
test_000489,3
test_000490,1
test_000491,1
test_000492,2
test_000493,2
test_000494,4
test_000495,4
test_000496,4
test_000497,2
test_000498,2
test_000499,4
test_000500,1
test_000501,4
test_000502,4
test_000503,3
test_000504,1
test_000505,0
test_000506,0
test_000507,3
test_000508,3
test_000509,0
test_000510,2
test_000511,0
test_000512,0
test_000513,2
test_000514,4
test_000515,4
test_000516,2
test_000517,0
test_000518,2
test_000519,3
test_000520,3
test_000521,1
test_000522,3
test_000523,4
test_000524,1
test_000525,3
test_000526,0
test_000527,2
test_000528,1
test_000529,0
test_000530,2
test_000531,1
test_000532,3
test_000533,0
test_000534,0
test_000535,3
test_000536,1
test_000537,1
test_000538,4
test_000539,3
test_000540,0
test_000541,0
test_000542,0
test_000543,2
test_000544,1
test_000545,1
test_000546,1
test_000547,4
test_000548,3
test_000549,0
test_000550,3
test_000551,2
test_000552,0
test_000553,1
test_000554,0
test_000555,3
test_000556,0
test_000557,2
test_000558,2
test_000559,4
test_000560,3
test_000561,3
test_000562,0
test_000563,3
test_000564,0
test_000565,4
test_000566,0
test_000567,2
test_000568,3
test_000569,4
test_000570,1
test_000571,4
test_000572,1
test_000573,0
test_000574,2
test_000575,2
test_000576,3
test_000577,2
test_000578,4
test_000579,0
test_000580,2
test_000581,3
test_000582,3
test_000583,3
test_000584,1
test_000585,4
test_000586,0
test_000587,4
test_000588,0
test_000589,1
test_000590,4
test_000591,4
test_000592,0
test_000593,4
test_000594,4
test_000595,1
test_000596,3
test_000597,0
test_000598,4
test_000599,1
test_000600,1
test_000601,3
test_000602,4
test_000603,1
test_000604,4
test_000605,2
test_000606,4
test_000607,1
test_000608,1
test_000609,0
test_000610,1
test_000611,1
test_000612,1
test_000613,2
test_000614,2
test_000615,2
test_000616,3
test_000617,0
test_000618,1
test_000619,3
test_000620,1
test_000621,0
test_000622,2
test_000623,3
test_000624,2
test_000625,3
test_000626,1
test_000627,1
test_000628,0
test_000629,1
test_000630,3
test_000631,4
test_000632,3
test_000633,3
test_000634,1
test_000635,3
test_000636,2
test_000637,4
test_000638,1
test_000639,2
test_000640,3
test_000641,2
test_000642,3
test_000643,4
test_000644,4
test_000645,4
test_000646,4
test_000647,4
test_000648,1
test_000649,2
test_000650,2
test_000651,4
test_000652,4
test_000653,3
test_000654,2
test_000655,2
test_000656,4
test_000657,4
test_000658,0
test_000659,2
test_000660,2
test_000661,2
test_000662,3
test_000663,4
test_000664,1
test_000665,3
test_000666,3
test_000667,4
test_000668,3
test_000669,2
test_000670,2
test_000671,4
test_000672,1
test_000673,0
test_000674,4
test_000675,0
test_000676,1
test_000677,4
test_000678,4
test_000679,2
test_000680,0
test_000681,1
test_000682,3
test_000683,3
test_000684,3
test_000685,2
test_000686,1
test_000687,2
test_000688,2
test_000689,4
test_000690,1
test_000691,3
test_000692,0
test_000693,0
test_000694,2
test_000695,2
test_000696,4
test_000697,4
test_000698,0
test_000699,3
test_000700,2
test_000701,3
test_000702,0
test_000703,1
test_000704,4
test_000705,0
test_000706,4
test_000707,4
test_000708,2
test_000709,3
test_000710,3
test_000711,1
test_000712,4
test_000713,2
test_000714,3
test_000715,0
test_000716,4
test_000717,1
test_000718,4
test_000719,2
test_000720,1
test_000721,1
test_000722,2
test_000723,0
test_000724,1
test_000725,4
test_000726,2
test_000727,1
test_000728,2
test_000729,0
test_000730,2
test_000731,1
test_000732,2
test_000733,1
test_000734,2
test_000735,2
test_000736,0
test_000737,3
test_000738,4
test_000739,0
test_000740,1
test_000741,3
test_000742,2
test_000743,1
test_000744,1
test_000745,3
test_000746,0
test_000747,3
test_000748,2
test_000749,4
test_000750,3
test_000751,1
test_000752,3
test_000753,2
test_000754,1
test_000755,2
test_000756,3
test_000757,0
test_000758,2
test_000759,2
test_000760,1
test_000761,2
test_000762,3
test_000763,1
test_000764,1
test_000765,3
test_000766,0
test_000767,4
test_000768,0
test_000769,4
test_000770,2
test_000771,4
test_000772,2
test_000773,0
test_000774,2
test_000775,4
test_000776,4
test_000777,3
test_000778,3
test_000779,1
test_000780,0
test_000781,4
test_000782,0
test_000783,0
test_000784,4
test_000785,1
test_000786,2
test_000787,0
test_000788,0
test_000789,1
test_000790,2
test_000791,1
test_000792,3
test_000793,2
test_000794,4
test_000795,2
test_000796,0
test_000797,2
test_000798,2
test_000799,1
test_000800,1
test_000801,2
test_000802,0
test_000803,2
test_000804,1
test_000805,4
test_000806,0
test_000807,2
test_000808,1
test_000809,2
test_000810,0
test_000811,1
test_000812,3
test_000813,2
test_000814,0
test_000815,4
test_000816,1
test_000817,2
test_000818,0
test_000819,3
test_000820,1
test_000821,1
test_000822,1
test_000823,4
test_000824,3
test_000825,4
test_000826,2
test_000827,4
test_000828,1
test_000829,0
test_000830,1
test_000831,3
test_000832,3
test_000833,4
test_000834,3
test_000835,3
test_000836,3
test_000837,4
test_000838,0
test_000839,4
test_000840,0
test_000841,4
test_000842,0
test_000843,2
test_000844,4
test_000845,0
test_000846,4
test_000847,4
test_000848,2
test_000849,1
test_000850,4
test_000851,3
test_000852,2
test_000853,4
test_000854,0
test_000855,4
test_000856,2
test_000857,1
test_000858,3
test_000859,0
test_000860,3
test_000861,3
test_000862,3
test_000863,1
test_000864,2
test_000865,1
test_000866,3
test_000867,3
test_000868,2
test_000869,3
test_000870,0
test_000871,0
test_000872,2
test_000873,3
test_000874,0
test_000875,3
test_000876,3
test_000877,3
test_000878,1
test_000879,2
test_000880,2
test_000881,2
test_000882,4
test_000883,0
test_000884,2
test_000885,3
test_000886,3
test_000887,2
test_000888,4
test_000889,3
test_000890,0
test_000891,4
test_000892,0
test_000893,4
test_000894,0
test_000895,0
test_000896,0
test_000897,3
test_000898,2
test_000899,4
test_000900,4
test_000901,1
test_000902,2
test_000903,0
test_000904,0
test_000905,3
test_000906,4
test_000907,3
test_000908,1
test_000909,2
test_000910,0
test_000911,2
test_000912,1
test_000913,4
test_000914,2
test_000915,2
test_000916,1
test_000917,0
test_000918,0
test_000919,0
test_000920,2
test_000921,4
test_000922,3
test_000923,4
test_000924,4
test_000925,1
test_000926,1
test_000927,1
test_000928,0
test_000929,0
test_000930,3
test_000931,2
test_000932,3
test_000933,1
test_000934,0
test_000935,4
test_000936,3
test_000937,1
test_000938,0
test_000939,4
test_000940,3
test_000941,1
test_000942,3
test_000943,1
test_000944,3
test_000945,4
test_000946,0
test_000947,2
test_000948,3
test_000949,4
test_000950,1
test_000951,0
test_000952,4
test_000953,3
test_000954,2
test_000955,0
test_000956,2
test_000957,2
test_000958,2
test_000959,2
test_000960,3
test_000961,4
test_000962,2
test_000963,2
test_000964,3
test_000965,0
test_000966,2
test_000967,2
test_000968,4
test_000969,4
test_000970,4
test_000971,3
test_000972,0
test_000973,2
test_000974,2
test_000975,1
test_000976,1
test_000977,4
test_000978,1
test_000979,4
test_000980,2
test_000981,0
test_000982,0
test_000983,4
test_000984,1
test_000985,4
test_000986,4
test_000987,3
test_000988,2
test_000989,0
test_000990,2
test_000991,2
test_000992,3
test_000993,3
test_000994,4
test_000995,1
test_000996,2
test_000997,2
test_000998,4
test_000999,0
test_001000,2
test_001001,2
test_001002,4
test_001003,3
test_001004,4
test_001005,1
test_001006,3
test_001007,2
test_001008,1
test_001009,0
test_001010,1
test_001011,2
test_001012,4
test_001013,0
test_001014,2
test_001015,1
test_001016,4
test_001017,4
test_001018,4
test_001019,3
test_001020,0
test_001021,4
test_001022,1
test_001023,2
test_001024,2
test_001025,3
test_001026,4
test_001027,1
test_001028,1
test_001029,2
test_001030,4
test_001031,2
test_001032,4
test_001033,3
test_001034,1
test_001035,2
test_001036,4
test_001037,2
test_001038,0
test_001039,3
test_001040,1
test_001041,3
test_001042,2
test_001043,0
test_001044,3
test_001045,4
test_001046,1
test_001047,3
test_001048,2
test_001049,4
test_001050,3
test_001051,0
test_001052,3
test_001053,3
test_001054,1
test_001055,1
test_001056,0
test_001057,2
test_001058,2
test_001059,4
test_001060,1
test_001061,4
test_001062,0
test_001063,3
test_001064,1
test_001065,1
test_001066,4
test_001067,3
test_001068,3
test_001069,2
test_001070,4
test_001071,3
test_001072,2
test_001073,3
test_001074,4
test_001075,2
test_001076,4
test_001077,2
test_001078,4
test_001079,1
test_001080,2
test_001081,3
test_001082,3
test_001083,3
test_001084,2
test_001085,1
test_001086,3
test_001087,2
test_001088,2
test_001089,2
test_001090,3
test_001091,4
test_001092,1
test_001093,4
test_001094,4
test_001095,0
test_001096,2
test_001097,2
test_001098,1
test_001099,3
test_001100,2
test_001101,3
test_001102,4
test_001103,0
test_001104,4
test_001105,1
test_001106,4
test_001107,1
test_001108,4
test_001109,1
test_001110,0
test_001111,3
test_001112,1
test_001113,1
test_001114,2
test_001115,0
test_001116,3
test_001117,2
test_001118,4
test_001119,4
test_001120,0
test_001121,3
test_001122,2
test_001123,3
test_001124,3
test_001125,2
test_001126,2
test_001127,3
test_001128,3
test_001129,1
test_001130,2
test_001131,0
test_001132,4
test_001133,3
test_001134,3
test_001135,3
test_001136,1
test_001137,4
test_001138,4
test_001139,3
test_001140,1
test_001141,0
test_001142,3
test_001143,2
test_001144,3
test_001145,3
test_001146,3
test_001147,2
test_001148,2
test_001149,2
test_001150,3
test_001151,4
test_001152,1
test_001153,1
test_001154,3
test_001155,2
test_001156,0
test_001157,3
test_001158,4
test_001159,4
test_001160,4
test_001161,4
test_001162,0
test_001163,2
test_001164,3
test_001165,4
test_001166,3
test_001167,2
test_001168,1
test_001169,1
test_001170,3
test_001171,0
test_001172,1
test_001173,1
test_001174,2
test_001175,4
test_001176,0
test_001177,1
test_001178,1
test_001179,2
test_001180,2
test_001181,3
test_001182,1
test_001183,2
test_001184,2
test_001185,4
test_001186,2
test_001187,4
test_001188,3
test_001189,1
test_001190,2
test_001191,1
test_001192,3
test_001193,1
test_001194,1
test_001195,4
test_001196,0
test_001197,3
test_001198,3
test_001199,3
test_001200,0
test_001201,3
test_001202,1
test_001203,3
test_001204,1
test_001205,1
test_001206,0
test_001207,2
test_001208,3
test_001209,0
test_001210,3
test_001211,3
test_001212,0
test_001213,3
test_001214,0
test_001215,0
test_001216,4
test_001217,3
test_001218,3
test_001219,4
test_001220,4
test_001221,3
test_001222,4
test_001223,1
test_001224,1
test_001225,2
test_001226,4
test_001227,2
test_001228,3
test_001229,3
test_001230,3
test_001231,3
test_001232,3
test_001233,3
test_001234,1
test_001235,1
test_001236,3
test_001237,2
test_001238,4
test_001239,2
test_001240,0
test_001241,1
test_001242,3
test_001243,0
test_001244,4
test_001245,4
test_001246,2
test_001247,4
test_001248,2
test_001249,4
test_001250,2
test_001251,1
test_001252,3
test_001253,3
test_001254,1
test_001255,4
test_001256,2
test_001257,4
test_001258,2
test_001259,0
test_001260,0
test_001261,2
test_001262,1
test_001263,3
test_001264,3
test_001265,2
test_001266,3
test_001267,1
test_001268,3
test_001269,4
test_001270,2
test_001271,4
test_001272,4
test_001273,2
test_001274,3
test_001275,3
test_001276,0
test_001277,0
test_001278,0
test_001279,3
test_001280,2
test_001281,4
test_001282,4
test_001283,4
test_001284,2
test_001285,0
test_001286,3
test_001287,4
test_001288,2
test_001289,4
test_001290,0
test_001291,1
test_001292,2
test_001293,0
test_001294,4
test_001295,4
test_001296,2
test_001297,1
test_001298,0
test_001299,2
test_001300,3
test_001301,3
test_001302,4
test_001303,1
test_001304,2
test_001305,2
test_001306,0
test_001307,0
test_001308,1
test_001309,3
test_001310,1
test_001311,2
test_001312,2
test_001313,2
test_001314,2
test_001315,2
test_001316,4
test_001317,3
test_001318,1
test_001319,0
test_001320,2
test_001321,2
test_001322,1
test_001323,2
test_001324,1
test_001325,3
test_001326,1
test_001327,0
test_001328,3
test_001329,4
test_001330,2
test_001331,2
test_001332,3
test_001333,4
test_001334,3
test_001335,2
test_001336,3
test_001337,4
test_001338,2
test_001339,0
test_001340,2
test_001341,1
test_001342,3
test_001343,0
test_001344,1
test_001345,2
test_001346,4
test_001347,1
test_001348,3
test_001349,1
test_001350,2
test_001351,1
test_001352,2
test_001353,0
test_001354,4
test_001355,2
test_001356,4
test_001357,1
test_001358,0
test_001359,1
test_001360,3
test_001361,4
test_001362,0
test_001363,4
test_001364,3
test_001365,0
test_001366,4
test_001367,3
test_001368,3
test_001369,3
test_001370,0
test_001371,3
test_001372,4
test_001373,2
test_001374,0
test_001375,1
test_001376,2
test_001377,2
test_001378,1
test_001379,0
test_001380,2
test_001381,0
test_001382,4
test_001383,3
test_001384,1
test_001385,0
test_001386,4
test_001387,3
test_001388,3
test_001389,2
test_001390,3
test_001391,0
test_001392,0
test_001393,0
test_001394,4
test_001395,0
test_001396,4
test_001397,0
test_001398,3
test_001399,2
test_001400,2
test_001401,4
test_001402,4
test_001403,1
test_001404,1
test_001405,0
test_001406,3
test_001407,0
test_001408,1
test_001409,3
test_001410,4
test_001411,0
test_001412,0
test_001413,1
test_001414,0
test_001415,0
test_001416,0
test_001417,3
test_001418,0
test_001419,1
test_001420,2
test_001421,3
test_001422,3
test_001423,4
test_001424,3
test_001425,1
test_001426,4
test_001427,3
test_001428,2
test_001429,3
test_001430,3
test_001431,0
test_001432,4
test_001433,4
test_001434,3
test_001435,1
test_001436,2
test_001437,4
test_001438,0
test_001439,3
test_001440,0
test_001441,4
test_001442,1
test_001443,0
test_001444,3
test_001445,4
test_001446,2
test_001447,1
test_001448,2
test_001449,3
test_001450,3
test_001451,3
test_001452,2
test_001453,1
test_001454,4
test_001455,4
test_001456,4
test_001457,4
test_001458,1
test_001459,2
test_001460,0
test_001461,3
test_001462,0
test_001463,2
test_001464,1
test_001465,0
test_001466,0
test_001467,3
test_001468,3
test_001469,3
test_001470,3
test_001471,0
test_001472,2
test_001473,2
test_001474,0
test_001475,4
test_001476,3
test_001477,1
test_001478,4
test_001479,3
test_001480,3
test_001481,4
test_001482,3
test_001483,4
test_001484,2
test_001485,1
test_001486,2
test_001487,1
test_001488,4
test_001489,4
test_001490,2
test_001491,1
test_001492,0
test_001493,0
test_001494,4
test_001495,2
test_001496,2
test_001497,2
test_001498,2
test_001499,2
test_001500,2
test_001501,4
test_001502,0
test_001503,4
test_001504,4
test_001505,4
test_001506,2
test_001507,3
test_001508,2
test_001509,3
test_001510,2
test_001511,4
test_001512,4
test_001513,1
test_001514,2
test_001515,0
test_001516,4
test_001517,4
test_001518,1
test_001519,4
test_001520,2
test_001521,0
test_001522,0
test_001523,1
test_001524,2
test_001525,0
test_001526,1
test_001527,2
test_001528,3
test_001529,1
test_001530,2
test_001531,0
test_001532,1
test_001533,1
test_001534,0
test_001535,3
test_001536,1
test_001537,4
test_001538,3
test_001539,2
test_001540,4
test_001541,4
test_001542,1
test_001543,0
test_001544,2
test_001545,0
test_001546,2
test_001547,1
test_001548,0
test_001549,1
test_001550,2
test_001551,1
test_001552,0
test_001553,0
test_001554,2
test_001555,3
test_001556,4
test_001557,3
test_001558,0
test_001559,3
test_001560,3
test_001561,0
test_001562,3
test_001563,4
test_001564,2
test_001565,0
test_001566,4
test_001567,1
test_001568,2
test_001569,0
test_001570,2
test_001571,1
test_001572,4
test_001573,0
test_001574,0
test_001575,1
test_001576,4
test_001577,1
test_001578,2
test_001579,4
test_001580,0
test_001581,2
test_001582,0
test_001583,4
test_001584,3
test_001585,0
test_001586,3
test_001587,4
test_001588,2
test_001589,0
test_001590,3
test_001591,2
test_001592,2
test_001593,4
test_001594,3
test_001595,4
test_001596,3
test_001597,4
test_001598,2
test_001599,3
test_001600,4
test_001601,3
test_001602,1
test_001603,2
test_001604,2
test_001605,0
test_001606,0
test_001607,0
test_001608,1
test_001609,3
test_001610,2
test_001611,2
test_001612,0
test_001613,0
test_001614,4
test_001615,2
test_001616,2
test_001617,1
test_001618,4
test_001619,4
test_001620,1
test_001621,3
test_001622,3
test_001623,4
test_001624,0
test_001625,4
test_001626,1
test_001627,4
test_001628,1
test_001629,4
test_001630,1
test_001631,3
test_001632,3
test_001633,4
test_001634,4
test_001635,2
test_001636,3
test_001637,0
test_001638,4
test_001639,4
test_001640,4
test_001641,3
test_001642,2
test_001643,3
test_001644,0
test_001645,4
test_001646,2
test_001647,0
test_001648,4
test_001649,2
test_001650,3
test_001651,1
test_001652,2
test_001653,2
test_001654,3
test_001655,3
test_001656,0
test_001657,0
test_001658,4
test_001659,3
test_001660,4
test_001661,4
test_001662,4
test_001663,4
test_001664,0
test_001665,3
test_001666,4
test_001667,4
test_001668,2
test_001669,4
test_001670,0
test_001671,1
test_001672,4
test_001673,1
test_001674,1
test_001675,2
test_001676,2
test_001677,1
test_001678,1
test_001679,3
test_001680,2
test_001681,0
test_001682,4
test_001683,0
test_001684,1
test_001685,2
test_001686,3
test_001687,0
test_001688,4
test_001689,4
test_001690,0
test_001691,3
test_001692,1
test_001693,3
test_001694,2
test_001695,2
test_001696,0
test_001697,4
test_001698,1
test_001699,3
test_001700,3
test_001701,1
test_001702,1
test_001703,4
test_001704,0
test_001705,4
test_001706,2
test_001707,2
test_001708,4
test_001709,1
test_001710,2
test_001711,0
test_001712,2
test_001713,3
test_001714,2
test_001715,2
test_001716,1
test_001717,1
test_001718,2
test_001719,2
test_001720,2
test_001721,4
test_001722,4
test_001723,0
test_001724,3
test_001725,0
test_001726,1
test_001727,4
test_001728,2
test_001729,0
test_001730,3
test_001731,1
test_001732,3
test_001733,0
test_001734,0
test_001735,4
test_001736,0
test_001737,1
test_001738,2
test_001739,1
test_001740,3
test_001741,4
test_001742,1
test_001743,1
test_001744,3
test_001745,0
test_001746,2
test_001747,1
test_001748,1
test_001749,1
test_001750,4
test_001751,0
test_001752,4
test_001753,2
test_001754,2
test_001755,2
test_001756,4
test_001757,3
test_001758,4
test_001759,2
test_001760,2
test_001761,1
test_001762,0
test_001763,3
test_001764,0
test_001765,2
test_001766,2
test_001767,0
test_001768,3
test_001769,4
test_001770,4
test_001771,2
test_001772,0
test_001773,0
test_001774,1
test_001775,4
test_001776,2
test_001777,3
test_001778,0
test_001779,4
test_001780,1
test_001781,1
test_001782,2
test_001783,0
test_001784,2
test_001785,0
test_001786,4
test_001787,0
test_001788,3
test_001789,1
test_001790,0
test_001791,4
test_001792,0
test_001793,1
test_001794,2
test_001795,1
test_001796,0
test_001797,3
test_001798,0
test_001799,0
test_001800,0
test_001801,0
test_001802,4
test_001803,2
test_001804,4
test_001805,2
test_001806,2
test_001807,2
test_001808,1
test_001809,1
test_001810,3
test_001811,0
test_001812,0
test_001813,3
test_001814,4
test_001815,3
test_001816,0
test_001817,1
test_001818,4
test_001819,0
test_001820,4
test_001821,3
test_001822,1
test_001823,2
test_001824,0
test_001825,2
test_001826,1
test_001827,1
test_001828,4
test_001829,3
test_001830,2
test_001831,0
test_001832,0
test_001833,3
test_001834,1
test_001835,1
test_001836,0
test_001837,2
test_001838,0
test_001839,1
test_001840,1
test_001841,1
test_001842,3
test_001843,3
test_001844,0
test_001845,3
test_001846,0
test_001847,0
test_001848,2
test_001849,3
test_001850,1
test_001851,3
test_001852,2
test_001853,1
test_001854,4
test_001855,4
test_001856,1
test_001857,3
test_001858,4
test_001859,1
test_001860,0
test_001861,2
test_001862,3
test_001863,2
test_001864,4
test_001865,4
test_001866,4
test_001867,0
test_001868,4
test_001869,1
test_001870,2
test_001871,2
test_001872,3
test_001873,1
test_001874,2
test_001875,4
test_001876,1
test_001877,4
test_001878,3
test_001879,4
test_001880,1
test_001881,2
test_001882,1
test_001883,4
test_001884,2
test_001885,2
test_001886,1
test_001887,2
test_001888,1
test_001889,3
test_001890,2
test_001891,2
test_001892,1
test_001893,2
test_001894,1
test_001895,0
test_001896,2
test_001897,4
test_001898,4
test_001899,0
test_001900,4
test_001901,2
test_001902,3
test_001903,4
test_001904,4
test_001905,3
test_001906,1
test_001907,4
test_001908,0
test_001909,1
test_001910,3
test_001911,0
test_001912,1
test_001913,0
test_001914,3
test_001915,3
test_001916,4
test_001917,2
test_001918,3
test_001919,4
test_001920,3
test_001921,4
test_001922,1
test_001923,3
test_001924,3
test_001925,0
test_001926,1
test_001927,3
test_001928,2
test_001929,4
test_001930,0
test_001931,4
test_001932,3
test_001933,0
test_001934,0
test_001935,0
test_001936,2
test_001937,3
test_001938,3
test_001939,3
test_001940,2
test_001941,2
test_001942,2
test_001943,4
test_001944,2
test_001945,4
test_001946,3
test_001947,2
test_001948,3
test_001949,4
test_001950,4
test_001951,1
test_001952,4
test_001953,2
test_001954,0
test_001955,3
test_001956,2
test_001957,2
test_001958,0
test_001959,0
test_001960,4
test_001961,0
test_001962,2
test_001963,4
test_001964,4
test_001965,4
test_001966,4
test_001967,4
test_001968,3
test_001969,4
test_001970,2
test_001971,1
test_001972,4
test_001973,3
test_001974,3
test_001975,1
test_001976,2
test_001977,2
test_001978,3
test_001979,3
test_001980,2
test_001981,3
test_001982,0
test_001983,2
test_001984,4
test_001985,2
test_001986,0
test_001987,2
test_001988,1
test_001989,2
test_001990,2
test_001991,2
test_001992,4
test_001993,1
test_001994,3
test_001995,2
test_001996,0
test_001997,4
test_001998,1
test_001999,3
test_002000,1
test_002001,3
test_002002,1
test_002003,0
test_002004,1
test_002005,3
test_002006,0
test_002007,1
test_002008,0
test_002009,0
test_002010,1
test_002011,2
test_002012,4
test_002013,0
test_002014,2
test_002015,3
test_002016,1
test_002017,1
test_002018,0
test_002019,4
test_002020,3
test_002021,3
test_002022,0
test_002023,3
test_002024,0
test_002025,4
test_002026,3
test_002027,1
test_002028,2
test_002029,2
test_002030,2
test_002031,4
test_002032,4
test_002033,2
test_002034,2
test_002035,4
test_002036,0
test_002037,0
test_002038,1
test_002039,1
test_002040,1
test_002041,2
test_002042,2
test_002043,1
test_002044,4
test_002045,3
test_002046,2
test_002047,0
test_002048,3
test_002049,3
test_002050,3
test_002051,0
test_002052,3
test_002053,3
test_002054,2
test_002055,0
test_002056,0
test_002057,1
test_002058,4
test_002059,3
test_002060,2
test_002061,0
test_002062,3
test_002063,2
test_002064,1
test_002065,0
test_002066,2
test_002067,1
test_002068,4
test_002069,2
test_002070,2
test_002071,4
test_002072,4
test_002073,4
test_002074,2
test_002075,4
test_002076,4
test_002077,0
test_002078,3
test_002079,0
test_002080,1
test_002081,2
test_002082,2
test_002083,3
test_002084,4
test_002085,1
test_002086,2
test_002087,3
test_002088,4
test_002089,0
test_002090,1
test_002091,0
test_002092,2
test_002093,2
test_002094,1
test_002095,0
test_002096,0
test_002097,3
test_002098,3
test_002099,0
test_002100,3
test_002101,4
test_002102,1
test_002103,2
test_002104,1
test_002105,0
test_002106,0
test_002107,0
test_002108,0
test_002109,2
test_002110,2
test_002111,4
test_002112,2
test_002113,0
test_002114,2
test_002115,0
test_002116,4
test_002117,1
test_002118,1
test_002119,3
test_002120,3
test_002121,0
test_002122,0
test_002123,2
test_002124,2
test_002125,0
test_002126,4
test_002127,4
test_002128,0
test_002129,3
test_002130,0
test_002131,3
test_002132,0
test_002133,3
test_002134,1
test_002135,3
test_002136,2
test_002137,1
test_002138,4
test_002139,3
test_002140,4
test_002141,2
test_002142,3
test_002143,4
test_002144,4
test_002145,4
test_002146,0
test_002147,4
test_002148,1
test_002149,2
test_002150,3
test_002151,0
test_002152,2
test_002153,1
test_002154,1
test_002155,2
test_002156,2
test_002157,3
test_002158,4
test_002159,1
test_002160,3
test_002161,2
test_002162,2
test_002163,4
test_002164,4
test_002165,1
test_002166,3
test_002167,3
test_002168,1
test_002169,4
test_002170,4
test_002171,4
test_002172,4
test_002173,0
test_002174,3
test_002175,1
test_002176,0
test_002177,2
test_002178,1
test_002179,3
test_002180,2
test_002181,3
test_002182,4
test_002183,3
test_002184,4
test_002185,1
test_002186,3
test_002187,4
test_002188,4
test_002189,4
test_002190,4
test_002191,2
test_002192,2
test_002193,2
test_002194,1
test_002195,3
test_002196,2
test_002197,0
test_002198,3
test_002199,3
test_002200,0
test_002201,1
test_002202,1
test_002203,3
test_002204,1
test_002205,0
test_002206,0
test_002207,4
test_002208,4
test_002209,1
test_002210,0
test_002211,2
test_002212,3
test_002213,0
test_002214,0
test_002215,4
test_002216,0
test_002217,0
test_002218,0
test_002219,0
test_002220,2
test_002221,3
test_002222,2
test_002223,3
test_002224,3
test_002225,1
test_002226,3
test_002227,4
test_002228,2
test_002229,1
test_002230,1
test_002231,2
test_002232,2
test_002233,3
test_002234,0
test_002235,1
test_002236,1
test_002237,4
test_002238,4
test_002239,3
test_002240,1
test_002241,2
test_002242,0
test_002243,0
test_002244,4
test_002245,3
test_002246,1
test_002247,2
test_002248,0
test_002249,4
test_002250,0
test_002251,4
test_002252,4
test_002253,1
test_002254,3
test_002255,2
test_002256,2
test_002257,4
test_002258,4
test_002259,2
test_002260,1
test_002261,1
test_002262,2
test_002263,2
test_002264,3
test_002265,3
test_002266,0
test_002267,3
test_002268,4
test_002269,1
test_002270,3
test_002271,4
test_002272,4
test_002273,3
test_002274,2
test_002275,1
test_002276,2
test_002277,1
test_002278,3
test_002279,1
test_002280,1
test_002281,0
test_002282,0
test_002283,1
test_002284,0
test_002285,0
test_002286,1
test_002287,0
test_002288,3
test_002289,3
test_002290,4
test_002291,1
test_002292,1
test_002293,2
test_002294,1
test_002295,4
test_002296,4
test_002297,4
test_002298,3
test_002299,1
test_002300,3
test_002301,4
test_002302,1
test_002303,4
test_002304,4
test_002305,4
test_002306,2
test_002307,1
test_002308,0
test_002309,3
test_002310,4
test_002311,0
test_002312,2
test_002313,1
test_002314,2
test_002315,1
test_002316,1
test_002317,3
test_002318,3
test_002319,4
test_002320,3
test_002321,3
test_002322,2
test_002323,1
test_002324,1
test_002325,2
test_002326,0
test_002327,0
test_002328,2
test_002329,4
test_002330,2
test_002331,4
test_002332,3
test_002333,3
test_002334,3
test_002335,4
test_002336,3
test_002337,1
test_002338,4
test_002339,0
test_002340,2
test_002341,2
test_002342,3
test_002343,2
test_002344,2
test_002345,0
test_002346,0
test_002347,3
test_002348,4
test_002349,4
test_002350,4
test_002351,3
test_002352,0
test_002353,0
test_002354,4
test_002355,3
test_002356,0
test_002357,1
test_002358,4
test_002359,1
test_002360,3
test_002361,0
test_002362,2
test_002363,3
test_002364,2
test_002365,2
test_002366,4
test_002367,2
test_002368,2
test_002369,3
test_002370,3
test_002371,3
test_002372,1
test_002373,3
test_002374,2
test_002375,2
test_002376,2
test_002377,3
test_002378,1
test_002379,0
test_002380,4
test_002381,2
test_002382,4
test_002383,4
test_002384,0
test_002385,0
test_002386,4
test_002387,3
test_002388,0
test_002389,1
test_002390,2
test_002391,0
test_002392,4
test_002393,4
test_002394,0
test_002395,1
test_002396,0
test_002397,1
test_002398,0
test_002399,4
test_002400,0
test_002401,0
test_002402,4
test_002403,3
test_002404,2
test_002405,4
test_002406,1
test_002407,2
test_002408,3
test_002409,4
test_002410,0
test_002411,1
test_002412,1
test_002413,0
test_002414,4
test_002415,0
test_002416,4
test_002417,4
test_002418,2
test_002419,4
test_002420,1
test_002421,3
test_002422,4
test_002423,3
test_002424,0
test_002425,3
test_002426,1
test_002427,4
test_002428,2
test_002429,1
test_002430,3
test_002431,0
test_002432,4
test_002433,1
test_002434,1
test_002435,4
test_002436,2
test_002437,3
test_002438,2
test_002439,4
test_002440,0
test_002441,2
test_002442,3
test_002443,3
test_002444,1
test_002445,2
test_002446,4
test_002447,3
test_002448,3
test_002449,4
test_002450,1
test_002451,0
test_002452,1
test_002453,4
test_002454,4
test_002455,3
test_002456,1
test_002457,4
test_002458,0
test_002459,4
test_002460,0
test_002461,0
test_002462,3
test_002463,3
test_002464,4
test_002465,4
test_002466,2
test_002467,3
test_002468,3
test_002469,2
test_002470,0
test_002471,1
test_002472,3
test_002473,1
test_002474,4
test_002475,0
test_002476,3
test_002477,1
test_002478,3
test_002479,0
test_002480,4
test_002481,0
test_002482,2
test_002483,4
test_002484,1
test_002485,0
test_002486,4
test_002487,4
test_002488,4
test_002489,4
test_002490,3
test_002491,2
test_002492,0
test_002493,3
test_002494,2
test_002495,4
test_002496,3
test_002497,3
test_002498,4
test_002499,1
test_002500,2
