id,y_pred
test_000001,3
test_000002,1
test_000003,1
test_000004,0
test_000005,4
test_000006,3
test_000007,1
test_000008,2
test_000009,3
test_000010,1
test_000011,0
test_000012,1
test_000013,4
test_000014,4
test_000015,1
test_000016,0
test_000017,3
test_000018,3
test_000019,0
test_000020,2
test_000021,2
test_000022,0
test_000023,4
test_000024,1
test_000025,4
test_000026,2
test_000027,4
test_000028,0
test_000029,1
test_000030,3
test_000031,3
test_000032,3
test_000033,4
test_000034,3
test_000035,0
test_000036,3
test_000037,4
test_000038,1
test_000039,1
test_000040,3
test_000041,4
test_000042,4
test_000043,3
test_000044,2
test_000045,0
test_000046,0
test_000047,3
test_000048,3
test_000049,4
test_000050,2
test_000051,1
test_000052,0
test_000053,2
test_000054,3
test_000055,0
test_000056,0
test_000057,2
test_000058,3
test_000059,2
test_000060,3
test_000061,4
test_000062,3
test_000063,3
test_000064,3
test_000065,2
test_000066,2
test_000067,1
test_000068,2
test_000069,3
test_000070,0
test_000071,0
test_000072,3
test_000073,0
test_000074,0
test_000075,0
test_000076,2
test_000077,0
test_000078,3
test_000079,3
test_000080,0
test_000081,1
test_000082,1
test_000083,1
test_000084,2
test_000085,2
test_000086,3
test_000087,2
test_000088,2
test_000089,0
test_000090,1
test_000091,0
test_000092,2
test_000093,0
test_000094,2
test_000095,4
test_000096,3
test_000097,2
test_000098,0
test_000099,0
test_000100,0
test_000101,4
test_000102,4
test_000103,3
test_000104,3
test_000105,1
test_000106,1
test_000107,3
test_000108,4
test_000109,3
test_000110,3
test_000111,4
test_000112,0
test_000113,2
test_000114,2
test_000115,1
test_000116,3
test_000117,0
test_000118,4
test_000119,3
test_000120,3
test_000121,0
test_000122,3
test_000123,1
test_000124,2
test_000125,0
test_000126,0
test_000127,0
test_000128,3
test_000129,3
test_000130,0
test_000131,4
test_000132,1
test_000133,1
test_000134,1
test_000135,1
test_000136,2
test_000137,1
test_000138,4
test_000139,2
test_000140,0
test_000141,3
test_000142,3
test_000143,3
test_000144,3
test_000145,0
test_000146,3
test_000147,3
test_000148,2
test_000149,3
test_000150,3
test_000151,0
test_000152,1
test_000153,3
test_000154,0
test_000155,0
test_000156,3
test_000157,2
test_000158,1
test_000159,2
test_000160,4
test_000161,2
test_000162,1
test_000163,3
test_000164,2
test_000165,0
test_000166,4
test_000167,0
test_000168,4
test_000169,3
test_000170,0
test_000171,1
test_000172,0
test_000173,1
test_000174,3
test_000175,1
test_000176,1
test_000177,3
test_000178,4
test_000179,3
test_000180,0
test_000181,0
test_000182,3
test_000183,2
test_000184,2
test_000185,3
test_000186,0
test_000187,2
test_000188,3
test_000189,3
test_000190,0
test_000191,2
test_000192,3
test_000193,0
test_000194,1
test_000195,3
test_000196,4
test_000197,3
test_000198,4
test_000199,3
test_000200,3
test_000201,3
test_000202,0
test_000203,0
test_000204,4
test_000205,1
test_000206,3
test_000207,0
test_000208,4
test_000209,4
test_000210,0
test_000211,3
test_000212,4
test_000213,3
test_000214,2
test_000215,0
test_000216,0
test_000217,2
test_000218,1
test_000219,0
test_000220,2
test_000221,4
test_000222,3
test_000223,1
test_000224,4
test_000225,3
test_000226,1
test_000227,3
test_000228,2
test_000229,3
test_000230,2
test_000231,3
test_000232,1
test_000233,3
test_000234,1
test_000235,0
test_000236,0
test_000237,4
test_000238,0
test_000239,3
test_000240,3
test_000241,1
test_000242,1
test_000243,1
test_000244,3
test_000245,0
test_000246,2
test_000247,1
test_000248,0
test_000249,2
test_000250,0
test_000251,3
test_000252,3
test_000253,1
test_000254,1
test_000255,2
test_000256,0
test_000257,3
test_000258,0
test_000259,0
test_000260,1
test_000261,3
test_000262,1
test_000263,3
test_000264,3
test_000265,0
test_000266,0
test_000267,2
test_000268,4
test_000269,4
test_000270,0
test_000271,2
test_000272,3
test_000273,3
test_000274,3
test_000275,0
test_000276,3
test_000277,0
test_000278,2
test_000279,4
test_000280,3
test_000281,1
test_000282,0
test_000283,3
test_000284,1
test_000285,0
test_000286,1
test_000287,1
test_000288,0
test_000289,3
test_000290,1
test_000291,1
test_000292,2
test_000293,2
test_000294,1
test_000295,3
test_000296,2
test_000297,3
test_000298,0
test_000299,0
test_000300,3
test_000301,4
test_000302,2
test_000303,3
test_000304,2
test_000305,2
test_000306,1
test_000307,1
test_000308,2
test_000309,1
test_000310,4
test_000311,0
test_000312,3
test_000313,0
test_000314,0
test_000315,4
test_000316,0
test_000317,2
test_000318,4
test_000319,3
test_000320,3
test_000321,3
test_000322,3
test_000323,2
test_000324,2
test_000325,3
test_000326,1
test_000327,4
test_000328,3
test_000329,4
test_000330,4
test_000331,1
test_000332,1
test_000333,3
test_000334,4
test_000335,2
test_000336,1
test_000337,3
test_000338,0
test_000339,0
test_000340,1
test_000341,2
test_000342,3
test_000343,2
test_000344,3
test_000345,0
test_000346,3
test_000347,4
test_000348,3
test_000349,0
test_000350,1
test_000351,1
test_000352,1
test_000353,0
test_000354,2
test_000355,3
test_000356,4
test_000357,4
test_000358,2
test_000359,1
test_000360,0
test_000361,1
test_000362,3
test_000363,0
test_000364,1
test_000365,1
test_000366,4
test_000367,1
test_000368,2
test_000369,0
test_000370,1
test_000371,2
test_000372,0
test_000373,1
test_000374,4
test_000375,2
test_000376,3
test_000377,4
test_000378,4
test_000379,2
test_000380,2
test_000381,2
test_000382,1
test_000383,0
test_000384,0
test_000385,2
test_000386,0
test_000387,4
test_000388,2
test_000389,3
test_000390,3
test_000391,1
test_000392,2
test_000393,1
test_000394,2
test_000395,1
test_000396,4
test_000397,2
test_000398,3
test_000399,0
test_000400,1
test_000401,3
test_000402,1
test_000403,4
test_000404,0
test_000405,1
test_000406,4
test_000407,0
test_000408,1
test_000409,0
test_000410,2
test_000411,4
test_000412,0
test_000413,3
test_000414,0
test_000415,1
test_000416,0
test_000417,0
test_000418,3
test_000419,2
test_000420,2
test_000421,4
test_000422,3
test_000423,0
test_000424,0
test_000425,2
test_000426,1
test_000427,3
test_000428,4
test_000429,1
test_000430,3
test_000431,2
test_000432,3
test_000433,3
test_000434,3
test_000435,3
test_000436,2
test_000437,2
test_000438,2
test_000439,3
test_000440,1
test_000441,1
test_000442,4
test_000443,1
test_000444,1
test_000445,3
test_000446,4
test_000447,2
test_000448,0
test_000449,2
test_000450,0
test_000451,3
test_000452,0
test_000453,2
test_000454,3
test_000455,0
test_000456,2
test_000457,4
test_000458,4
test_000459,4
test_000460,0
test_000461,2
test_000462,2
test_000463,1
test_000464,2
test_000465,3
test_000466,4
test_000467,4
test_000468,3
test_000469,2
test_000470,3
test_000471,4
test_000472,3
test_000473,0
test_000474,0
test_000475,3
test_000476,4
test_000477,4
test_000478,0
test_000479,2
test_000480,4
test_000481,1
test_000482,4
test_000483,0
test_000484,3
test_000485,3
test_000486,0
test_000487,1
test_000488,1
test_000489,4
test_000490,0
test_000491,1
test_000492,0
test_000493,2
test_000494,1
test_000495,1
test_000496,1
test_000497,0
test_000498,2
test_000499,2
test_000500,0
test_000501,4
test_000502,2
test_000503,3
test_000504,4
test_000505,1
test_000506,4
test_000507,3
test_000508,1
test_000509,3
test_000510,4
test_000511,3
test_000512,4
test_000513,2
test_000514,1
test_000515,3
test_000516,3
test_000517,0
test_000518,1
test_000519,3
test_000520,1
test_000521,3
test_000522,0
test_000523,0
test_000524,4
test_000525,0
test_000526,3
test_000527,0
test_000528,0
test_000529,4
test_000530,4
test_000531,0
test_000532,3
test_000533,1
test_000534,3
test_000535,2
test_000536,2
test_000537,2
test_000538,2
test_000539,0
test_000540,0
test_000541,1
test_000542,4
test_000543,3
test_000544,4
test_000545,3
test_000546,0
test_000547,1
test_000548,3
test_000549,2
test_000550,3
test_000551,2
test_000552,3
test_000553,1
test_000554,3
test_000555,1
test_000556,4
test_000557,3
test_000558,4
test_000559,3
test_000560,2
test_000561,0
test_000562,4
test_000563,3
test_000564,4
test_000565,2
test_000566,3
test_000567,1
test_000568,3
test_000569,0
test_000570,2
test_000571,2
test_000572,4
test_000573,1
test_000574,3
test_000575,3
test_000576,4
test_000577,0
test_000578,0
test_000579,4
test_000580,3
test_000581,4
test_000582,0
test_000583,0
test_000584,4
test_000585,0
test_000586,1
test_000587,3
test_000588,4
test_000589,0
test_000590,1
test_000591,3
test_000592,1
test_000593,2
test_000594,4
test_000595,1
test_000596,4
test_000597,4
test_000598,3
test_000599,2
test_000600,3
test_000601,0
test_000602,3
test_000603,0
test_000604,2
test_000605,1
test_000606,3
test_000607,3
test_000608,3
test_000609,3
test_000610,1
test_000611,3
test_000612,1
test_000613,0
test_000614,0
test_000615,3
test_000616,3
test_000617,3
test_000618,3
test_000619,2
test_000620,1
test_000621,2
test_000622,1
test_000623,1
test_000624,2
test_000625,4
test_000626,1
test_000627,1
test_000628,4
test_000629,4
test_000630,1
test_000631,0
test_000632,2
test_000633,3
test_000634,0
test_000635,4
test_000636,3
test_000637,1
test_000638,2
test_000639,0
test_000640,3
test_000641,3
test_000642,3
test_000643,0
test_000644,4
test_000645,1
test_000646,1
test_000647,4
test_000648,4
test_000649,4
test_000650,3
test_000651,3
test_000652,1
test_000653,3
test_000654,4
test_000655,3
test_000656,4
test_000657,1
test_000658,1
test_000659,4
test_000660,1
test_000661,1
test_000662,4
test_000663,4
test_000664,2
test_000665,3
test_000666,0
test_000667,1
test_000668,0
test_000669,1
test_000670,2
test_000671,3
test_000672,3
test_000673,4
test_000674,3
test_000675,0
test_000676,0
test_000677,4
test_000678,1
test_000679,0
test_000680,3
test_000681,1
test_000682,3
test_000683,2
test_000684,0
test_000685,3
test_000686,2
test_000687,0
test_000688,2
test_000689,3
test_000690,0
test_000691,3
test_000692,2
test_000693,0
test_000694,4
test_000695,0
test_000696,3
test_000697,0
test_000698,2
test_000699,4
test_000700,3
test_000701,3
test_000702,2
test_000703,4
test_000704,0
test_000705,4
test_000706,4
test_000707,2
test_000708,3
test_000709,0
test_000710,0
test_000711,2
test_000712,0
test_000713,0
test_000714,4
test_000715,4
test_000716,3
test_000717,3
test_000718,0
test_000719,4
test_000720,0
test_000721,4
test_000722,0
test_000723,1
test_000724,1
test_000725,0
test_000726,0
test_000727,1
test_000728,2
test_000729,2
test_000730,3
test_000731,4
test_000732,0
test_000733,4
test_000734,4
test_000735,1
test_000736,2
test_000737,1
test_000738,2
test_000739,1
test_000740,3
test_000741,2
test_000742,4
test_000743,0
test_000744,0
test_000745,1
test_000746,4
test_000747,4
test_000748,3
test_000749,2
test_000750,3
test_000751,1
test_000752,0
test_000753,1
test_000754,1
test_000755,2
test_000756,2
test_000757,4
test_000758,0
test_000759,2
test_000760,1
test_000761,3
test_000762,2
test_000763,1
test_000764,0
test_000765,1
test_000766,2
test_000767,4
test_000768,0
test_000769,3
test_000770,4
test_000771,3
test_000772,1
test_000773,3
test_000774,4
test_000775,0
test_000776,2
test_000777,2
test_000778,3
test_000779,0
test_000780,3
test_000781,1
test_000782,1
test_000783,4
test_000784,3
test_000785,2
test_000786,0
test_000787,3
test_000788,0
test_000789,2
test_000790,0
test_000791,0
test_000792,0
test_000793,3
test_000794,4
test_000795,4
test_000796,4
test_000797,4
test_000798,4
test_000799,2
test_000800,4
test_000801,4
test_000802,1
test_000803,2
test_000804,4
test_000805,4
test_000806,4
test_000807,0
test_000808,4
test_000809,0
test_000810,3
test_000811,3
test_000812,2
test_000813,4
test_000814,2
test_000815,0
test_000816,0
test_000817,1
test_000818,3
test_000819,0
test_000820,2
test_000821,2
test_000822,2
test_000823,0
test_000824,0
test_000825,4
test_000826,3
test_000827,0
test_000828,1
test_000829,4
test_000830,3
test_000831,0
test_000832,3
test_000833,2
test_000834,2
test_000835,4
test_000836,3
test_000837,1
test_000838,2
test_000839,0
test_000840,2
test_000841,4
test_000842,0
test_000843,4
test_000844,2
test_000845,1
test_000846,0
test_000847,2
test_000848,0
test_000849,2
test_000850,4
test_000851,2
test_000852,1
test_000853,0
test_000854,1
test_000855,0
test_000856,3
test_000857,4
test_000858,0
test_000859,4
test_000860,4
test_000861,4
test_000862,4
test_000863,2
test_000864,3
test_000865,0
test_000866,1
test_000867,2
test_000868,3
test_000869,0
test_000870,1
test_000871,3
test_000872,1
test_000873,4
test_000874,2
test_000875,3
test_000876,0
test_000877,4
test_000878,2
test_000879,4
test_000880,4
test_000881,0
test_000882,4
test_000883,0
test_000884,0
test_000885,4
test_000886,0
test_000887,0
test_000888,1
test_000889,1
test_000890,4
test_000891,4
test_000892,2
test_000893,4
test_000894,3
test_000895,1
test_000896,1
test_000897,3
test_000898,4
test_000899,3
test_000900,3
test_000901,4
test_000902,3
test_000903,3
test_000904,3
test_000905,0
test_000906,4
test_000907,1
test_000908,3
test_000909,0
test_000910,1
test_000911,2
test_000912,3
test_000913,3
test_000914,4
test_000915,0
test_000916,1
test_000917,3
test_000918,0
test_000919,1
test_000920,0
test_000921,2
test_000922,1
test_000923,3
test_000924,4
test_000925,0
test_000926,3
test_000927,2
test_000928,3
test_000929,0
test_000930,0
test_000931,4
test_000932,2
test_000933,3
test_000934,3
test_000935,4
test_000936,2
test_000937,2
test_000938,3
test_000939,1
test_000940,0
test_000941,1
test_000942,1
test_000943,3
test_000944,4
test_000945,0
test_000946,3
test_000947,0
test_000948,1
test_000949,4
test_000950,1
test_000951,3
test_000952,1
test_000953,2
test_000954,1
test_000955,4
test_000956,4
test_000957,0
test_000958,3
test_000959,4
test_000960,0
test_000961,3
test_000962,1
test_000963,1
test_000964,2
test_000965,3
test_000966,3
test_000967,3
test_000968,1
test_000969,1
test_000970,1
test_000971,1
test_000972,4
test_000973,2
test_000974,1
test_000975,2
test_000976,0
test_000977,3
test_000978,0
test_000979,1
test_000980,1
test_000981,2
test_000982,1
test_000983,2
test_000984,4
test_000985,3
test_000986,0
test_000987,3
test_000988,1
test_000989,3
test_000990,0
test_000991,1
test_000992,3
test_000993,0
test_000994,3
test_000995,3
test_000996,3
test_000997,0
test_000998,1
test_000999,3
test_001000,0
test_001001,3
test_001002,0
test_001003,1
test_001004,4
test_001005,0
test_001006,1
test_001007,1
test_001008,0
test_001009,1
test_001010,3
test_001011,0
test_001012,0
test_001013,2
test_001014,1
test_001015,3
test_001016,4
test_001017,1
test_001018,3
test_001019,0
test_001020,0
test_001021,1
test_001022,1
test_001023,0
test_001024,0
test_001025,3
test_001026,3
test_001027,0
test_001028,0
test_001029,2
test_001030,4
test_001031,3
test_001032,3
test_001033,2
test_001034,3
test_001035,3
test_001036,4
test_001037,2
test_001038,4
test_001039,2
test_001040,2
test_001041,3
test_001042,3
test_001043,3
test_001044,4
test_001045,0
test_001046,3
test_001047,2
test_001048,1
test_001049,1
test_001050,1
test_001051,0
test_001052,2
test_001053,0
test_001054,3
test_001055,1
test_001056,3
test_001057,3
test_001058,3
test_001059,3
test_001060,0
test_001061,0
test_001062,1
test_001063,3
test_001064,4
test_001065,1
test_001066,3
test_001067,1
test_001068,0
test_001069,1
test_001070,1
test_001071,3
test_001072,3
test_001073,0
test_001074,4
test_001075,3
test_001076,0
test_001077,0
test_001078,0
test_001079,0
test_001080,3
test_001081,3
test_001082,2
test_001083,1
test_001084,2
test_001085,3
test_001086,4
test_001087,4
test_001088,3
test_001089,3
test_001090,3
test_001091,0
test_001092,0
test_001093,2
test_001094,3
test_001095,3
test_001096,2
test_001097,4
test_001098,2
test_001099,1
test_001100,2
test_001101,0
test_001102,0
test_001103,0
test_001104,0
test_001105,3
test_001106,3
test_001107,1
test_001108,4
test_001109,2
test_001110,0
test_001111,2
test_001112,0
test_001113,4
test_001114,0
test_001115,3
test_001116,1
test_001117,3
test_001118,3
test_001119,4
test_001120,4
test_001121,2
test_001122,2
test_001123,0
test_001124,3
test_001125,2
test_001126,3
test_001127,0
test_001128,0
test_001129,4
test_001130,2
test_001131,4
test_001132,1
test_001133,2
test_001134,4
test_001135,1
test_001136,3
test_001137,1
test_001138,3
test_001139,3
test_001140,0
test_001141,4
test_001142,1
test_001143,0
test_001144,3
test_001145,1
test_001146,4
test_001147,4
test_001148,0
test_001149,2
test_001150,2
test_001151,4
test_001152,2
test_001153,0
test_001154,0
test_001155,2
test_001156,1
test_001157,0
test_001158,1
test_001159,1
test_001160,0
test_001161,1
test_001162,0
test_001163,4
test_001164,2
test_001165,0
test_001166,0
test_001167,3
test_001168,3
test_001169,3
test_001170,4
test_001171,4
test_001172,1
test_001173,2
test_001174,3
test_001175,1
test_001176,1
test_001177,1
test_001178,1
test_001179,2
test_001180,3
test_001181,3
test_001182,3
test_001183,1
test_001184,0
test_001185,3
test_001186,1
test_001187,4
test_001188,1
test_001189,0
test_001190,2
test_001191,1
test_001192,1
test_001193,3
test_001194,2
test_001195,4
test_001196,3
test_001197,2
test_001198,0
test_001199,4
test_001200,1
test_001201,0
test_001202,2
test_001203,2
test_001204,0
test_001205,2
test_001206,0
test_001207,1
test_001208,0
test_001209,2
test_001210,4
test_001211,0
test_001212,2
test_001213,1
test_001214,0
test_001215,3
test_001216,4
test_001217,1
test_001218,4
test_001219,0
test_001220,3
test_001221,3
test_001222,1
test_001223,1
test_001224,0
test_001225,4
test_001226,4
test_001227,2
test_001228,3
test_001229,3
test_001230,1
test_001231,3
test_001232,1
test_001233,1
test_001234,4
test_001235,1
test_001236,2
test_001237,2
test_001238,0
test_001239,1
test_001240,3
test_001241,2
test_001242,0
test_001243,1
test_001244,1
test_001245,3
test_001246,2
test_001247,3
test_001248,2
test_001249,4
test_001250,4
test_001251,4
test_001252,2
test_001253,3
test_001254,1
test_001255,2
test_001256,4
test_001257,0
test_001258,2
test_001259,1
test_001260,0
test_001261,1
test_001262,1
test_001263,0
test_001264,0
test_001265,0
test_001266,1
test_001267,0
test_001268,4
test_001269,2
test_001270,3
test_001271,1
test_001272,0
test_001273,4
test_001274,4
test_001275,3
test_001276,3
test_001277,1
test_001278,2
test_001279,2
test_001280,3
test_001281,3
test_001282,0
test_001283,1
test_001284,3
test_001285,0
test_001286,1
test_001287,1
test_001288,0
test_001289,1
test_001290,3
test_001291,2
test_001292,1
test_001293,4
test_001294,4
test_001295,0
test_001296,0
test_001297,4
test_001298,0
test_001299,1
test_001300,0
test_001301,4
test_001302,1
test_001303,2
test_001304,4
test_001305,4
test_001306,1
test_001307,1
test_001308,0
test_001309,4
test_001310,2
test_001311,0
test_001312,0
test_001313,4
test_001314,1
test_001315,1
test_001316,0
test_001317,3
test_001318,1
test_001319,3
test_001320,0
test_001321,0
test_001322,2
test_001323,0
test_001324,0
test_001325,4
test_001326,4
test_001327,4
test_001328,3
test_001329,3
test_001330,3
test_001331,3
test_001332,0
test_001333,1
test_001334,0
test_001335,2
test_001336,1
test_001337,4
test_001338,3
test_001339,3
test_001340,3
test_001341,1
test_001342,4
test_001343,4
test_001344,0
test_001345,1
test_001346,4
test_001347,1
test_001348,0
test_001349,2
test_001350,0
test_001351,4
test_001352,4
test_001353,2
test_001354,2
test_001355,1
test_001356,3
test_001357,2
test_001358,1
test_001359,1
test_001360,0
test_001361,4
test_001362,1
test_001363,4
test_001364,1
test_001365,4
test_001366,0
test_001367,0
test_001368,2
test_001369,3
test_001370,0
test_001371,1
test_001372,1
test_001373,1
test_001374,3
test_001375,2
test_001376,4
test_001377,1
test_001378,2
test_001379,1
test_001380,4
test_001381,4
test_001382,0
test_001383,0
test_001384,4
test_001385,1
test_001386,3
test_001387,3
test_001388,0
test_001389,3
test_001390,4
test_001391,2
test_001392,2
test_001393,2
test_001394,3
test_001395,3
test_001396,3
test_001397,1
test_001398,0
test_001399,0
test_001400,0
test_001401,3
test_001402,4
test_001403,4
test_001404,2
test_001405,1
test_001406,1
test_001407,0
test_001408,0
test_001409,1
test_001410,0
test_001411,1
test_001412,3
test_001413,1
test_001414,1
test_001415,1
test_001416,4
test_001417,3
test_001418,0
test_001419,2
test_001420,0
test_001421,4
test_001422,2
test_001423,0
test_001424,4
test_001425,1
test_001426,3
test_001427,4
test_001428,3
test_001429,3
test_001430,2
test_001431,3
test_001432,4
test_001433,1
test_001434,4
test_001435,0
test_001436,1
test_001437,3
test_001438,1
test_001439,2
test_001440,1
test_001441,0
test_001442,4
test_001443,3
test_001444,4
test_001445,1
test_001446,4
test_001447,0
test_001448,0
test_001449,4
test_001450,4
test_001451,2
test_001452,2
test_001453,3
test_001454,3
test_001455,3
test_001456,0
test_001457,4
test_001458,1
test_001459,1
test_001460,0
test_001461,2
test_001462,0
test_001463,4
test_001464,0
test_001465,1
test_001466,1
test_001467,4
test_001468,1
test_001469,3
test_001470,3
test_001471,2
test_001472,0
test_001473,4
test_001474,4
test_001475,3
test_001476,1
test_001477,4
test_001478,3
test_001479,3
test_001480,3
test_001481,1
test_001482,2
test_001483,0
test_001484,3
test_001485,4
test_001486,2
test_001487,2
test_001488,1
test_001489,0
test_001490,2
test_001491,0
test_001492,4
test_001493,1
test_001494,1
test_001495,2
test_001496,2
test_001497,2
test_001498,0
test_001499,3
test_001500,0
test_001501,1
test_001502,3
test_001503,2
test_001504,3
test_001505,1
test_001506,0
test_001507,4
test_001508,4
test_001509,0
test_001510,1
test_001511,0
test_001512,1
test_001513,0
test_001514,3
test_001515,0
test_001516,2
test_001517,4
test_001518,1
test_001519,3
test_001520,4
test_001521,4
test_001522,4
test_001523,4
test_001524,4
test_001525,3
test_001526,0
test_001527,4
test_001528,3
test_001529,2
test_001530,4
test_001531,1
test_001532,4
test_001533,0
test_001534,4
test_001535,4
test_001536,4
test_001537,3
test_001538,4
test_001539,2
test_001540,2
test_001541,0
test_001542,4
test_001543,3
test_001544,3
test_001545,4
test_001546,1
test_001547,4
test_001548,0
test_001549,4
test_001550,1
test_001551,3
test_001552,4
test_001553,3
test_001554,4
test_001555,4
test_001556,0
test_001557,3
test_001558,0
test_001559,4
test_001560,3
test_001561,2
test_001562,3
test_001563,1
test_001564,1
test_001565,1
test_001566,2
test_001567,4
test_001568,2
test_001569,0
test_001570,1
test_001571,4
test_001572,0
test_001573,3
test_001574,0
test_001575,0
test_001576,2
test_001577,4
test_001578,3
test_001579,3
test_001580,0
test_001581,3
test_001582,2
test_001583,0
test_001584,1
test_001585,4
test_001586,3
test_001587,2
test_001588,0
test_001589,3
test_001590,2
test_001591,4
test_001592,1
test_001593,4
test_001594,3
test_001595,3
test_001596,2
test_001597,0
test_001598,3
test_001599,3
test_001600,3
test_001601,0
test_001602,1
test_001603,2
test_001604,3
test_001605,1
test_001606,4
test_001607,3
test_001608,3
test_001609,4
test_001610,4
test_001611,2
test_001612,3
test_001613,3
test_001614,1
test_001615,1
test_001616,3
test_001617,4
test_001618,0
test_001619,3
test_001620,4
test_001621,3
test_001622,1
test_001623,4
test_001624,2
test_001625,4
test_001626,3
test_001627,0
test_001628,1
test_001629,4
test_001630,0
test_001631,0
test_001632,1
test_001633,0
test_001634,1
test_001635,2
test_001636,4
test_001637,2
test_001638,2
test_001639,4
test_001640,1
test_001641,3
test_001642,4
test_001643,4
test_001644,1
test_001645,3
test_001646,4
test_001647,0
test_001648,4
test_001649,0
test_001650,3
test_001651,3
test_001652,0
test_001653,0
test_001654,1
test_001655,4
test_001656,1
test_001657,2
test_001658,2
test_001659,4
test_001660,0
test_001661,3
test_001662,4
test_001663,3
test_001664,2
test_001665,0
test_001666,4
test_001667,3
test_001668,4
test_001669,1
test_001670,4
test_001671,2
test_001672,0
test_001673,3
test_001674,2
test_001675,4
test_001676,3
test_001677,0
test_001678,1
test_001679,2
test_001680,4
test_001681,2
test_001682,4
test_001683,4
test_001684,0
test_001685,1
test_001686,2
test_001687,0
test_001688,0
test_001689,4
test_001690,3
test_001691,2
test_001692,0
test_001693,1
test_001694,0
test_001695,0
test_001696,1
test_001697,4
test_001698,1
test_001699,3
test_001700,4
test_001701,3
test_001702,2
test_001703,0
test_001704,3
test_001705,3
test_001706,0
test_001707,1
test_001708,1
test_001709,2
test_001710,2
test_001711,4
test_001712,1
test_001713,0
test_001714,1
test_001715,0
test_001716,3
test_001717,1
test_001718,3
test_001719,0
test_001720,0
test_001721,4
test_001722,4
test_001723,2
test_001724,3
test_001725,4
test_001726,0
test_001727,0
test_001728,1
test_001729,0
test_001730,0
test_001731,4
test_001732,3
test_001733,1
test_001734,3
test_001735,1
test_001736,0
test_001737,3
test_001738,2
test_001739,3
test_001740,0
test_001741,1
test_001742,3
test_001743,0
test_001744,1
test_001745,0
test_001746,3
test_001747,2
test_001748,1
test_001749,0
test_001750,2
test_001751,0
test_001752,1
test_001753,2
test_001754,3
test_001755,0
test_001756,2
test_001757,0
test_001758,4
test_001759,2
test_001760,3
test_001761,0
test_001762,1
test_001763,4
test_001764,2
test_001765,3
test_001766,2
test_001767,3
test_001768,2
test_001769,2
test_001770,0
test_001771,4
test_001772,2
test_001773,1
test_001774,3
test_001775,3
test_001776,3
test_001777,0
test_001778,4
test_001779,0
test_001780,3
test_001781,2
test_001782,4
test_001783,2
test_001784,0
test_001785,1
test_001786,0
test_001787,1
test_001788,0
test_001789,3
test_001790,0
test_001791,4
test_001792,4
test_001793,1
test_001794,3
test_001795,3
test_001796,0
test_001797,0
test_001798,1
test_001799,4
test_001800,4
test_001801,4
test_001802,4
test_001803,2
test_001804,2
test_001805,3
test_001806,0
test_001807,1
test_001808,3
test_001809,1
test_001810,0
test_001811,1
test_001812,1
test_001813,4
test_001814,2
test_001815,1
test_001816,1
test_001817,3
test_001818,4
test_001819,3
test_001820,0
test_001821,1
test_001822,4
test_001823,2
test_001824,2
test_001825,0
test_001826,2
test_001827,0
test_001828,4
test_001829,4
test_001830,1
test_001831,3
test_001832,1
test_001833,2
test_001834,0
test_001835,1
test_001836,0
test_001837,4
test_001838,1
test_001839,0
test_001840,4
test_001841,4
test_001842,1
test_001843,4
test_001844,1
test_001845,0
test_001846,4
test_001847,2
test_001848,3
test_001849,3
test_001850,4
test_001851,0
test_001852,0
test_001853,0
test_001854,1
test_001855,3
test_001856,3
test_001857,0
test_001858,2
test_001859,4
test_001860,2
test_001861,3
test_001862,3
test_001863,4
test_001864,4
test_001865,4
test_001866,4
test_001867,0
test_001868,4
test_001869,2
test_001870,0
test_001871,2
test_001872,3
test_001873,3
test_001874,3
test_001875,0
test_001876,0
test_001877,2
test_001878,3
test_001879,4
test_001880,0
test_001881,1
test_001882,1
test_001883,1
test_001884,4
test_001885,3
test_001886,3
test_001887,3
test_001888,3
test_001889,2
test_001890,0
test_001891,4
test_001892,0
test_001893,3
test_001894,1
test_001895,3
test_001896,0
test_001897,1
test_001898,0
test_001899,2
test_001900,2
test_001901,0
test_001902,3
test_001903,0
test_001904,0
test_001905,1
test_001906,0
test_001907,3
test_001908,1
test_001909,3
test_001910,3
test_001911,4
test_001912,4
test_001913,0
test_001914,1
test_001915,3
test_001916,0
test_001917,1
test_001918,1
test_001919,2
test_001920,4
test_001921,2
test_001922,0
test_001923,2
test_001924,1
test_001925,3
test_001926,1
test_001927,0
test_001928,1
test_001929,4
test_001930,2
test_001931,1
test_001932,3
test_001933,0
test_001934,3
test_001935,0
test_001936,4
test_001937,3
test_001938,1
test_001939,0
test_001940,1
test_001941,3
test_001942,0
test_001943,2
test_001944,0
test_001945,4
test_001946,4
test_001947,0
test_001948,1
test_001949,3
test_001950,0
test_001951,3
test_001952,4
test_001953,4
test_001954,4
test_001955,0
test_001956,2
test_001957,4
test_001958,3
test_001959,3
test_001960,0
test_001961,3
test_001962,4
test_001963,4
test_001964,0
test_001965,3
test_001966,0
test_001967,4
test_001968,4
test_001969,0
test_001970,1
test_001971,1
test_001972,2
test_001973,3
test_001974,0
test_001975,2
test_001976,1
test_001977,3
test_001978,3
test_001979,3
test_001980,3
test_001981,1
test_001982,3
test_001983,2
test_001984,3
test_001985,4
test_001986,2
test_001987,3
test_001988,1
test_001989,3
test_001990,4
test_001991,4
test_001992,1
test_001993,3
test_001994,2
test_001995,1
test_001996,2
test_001997,3
test_001998,0
test_001999,0
test_002000,3
test_002001,1
test_002002,3
test_002003,2
test_002004,3
test_002005,4
test_002006,2
test_002007,4
test_002008,1
test_002009,0
test_002010,1
test_002011,3
test_002012,2
test_002013,3
test_002014,4
test_002015,0
test_002016,4
test_002017,4
test_002018,3
test_002019,3
test_002020,1
test_002021,1
test_002022,0
test_002023,3
test_002024,3
test_002025,2
test_002026,4
test_002027,3
test_002028,2
test_002029,2
test_002030,3
test_002031,4
test_002032,1
test_002033,0
test_002034,2
test_002035,4
test_002036,3
test_002037,3
test_002038,3
test_002039,2
test_002040,1
test_002041,0
test_002042,0
test_002043,1
test_002044,0
test_002045,3
test_002046,1
test_002047,3
test_002048,3
test_002049,0
test_002050,4
test_002051,0
test_002052,3
test_002053,0
test_002054,4
test_002055,3
test_002056,3
test_002057,3
test_002058,3
test_002059,0
test_002060,0
test_002061,3
test_002062,4
test_002063,4
test_002064,1
test_002065,0
test_002066,2
test_002067,4
test_002068,4
test_002069,3
test_002070,4
test_002071,2
test_002072,1
test_002073,3
test_002074,2
test_002075,2
test_002076,4
test_002077,3
test_002078,0
test_002079,4
test_002080,2
test_002081,1
test_002082,3
test_002083,2
test_002084,2
test_002085,4
test_002086,0
test_002087,1
test_002088,0
test_002089,4
test_002090,4
test_002091,2
test_002092,0
test_002093,1
test_002094,2
test_002095,3
test_002096,0
test_002097,2
test_002098,2
test_002099,0
test_002100,1
test_002101,2
test_002102,3
test_002103,0
test_002104,1
test_002105,2
test_002106,4
test_002107,3
test_002108,3
test_002109,3
test_002110,0
test_002111,0
test_002112,1
test_002113,1
test_002114,0
test_002115,2
test_002116,3
test_002117,1
test_002118,0
test_002119,0
test_002120,3
test_002121,2
test_002122,0
test_002123,0
test_002124,2
test_002125,0
test_002126,1
test_002127,1
test_002128,4
test_002129,4
test_002130,0
test_002131,2
test_002132,4
test_002133,2
test_002134,3
test_002135,4
test_002136,1
test_002137,3
test_002138,2
test_002139,2
test_002140,0
test_002141,1
test_002142,3
test_002143,1
test_002144,1
test_002145,3
test_002146,4
test_002147,2
test_002148,2
test_002149,1
test_002150,1
test_002151,1
test_002152,3
test_002153,4
test_002154,0
test_002155,3
test_002156,0
test_002157,0
test_002158,3
test_002159,1
test_002160,4
test_002161,0
test_002162,2
test_002163,3
test_002164,4
test_002165,1
test_002166,0
test_002167,2
test_002168,3
test_002169,3
test_002170,0
test_002171,2
test_002172,2
test_002173,4
test_002174,3
test_002175,0
test_002176,3
test_002177,1
test_002178,1
test_002179,3
test_002180,1
test_002181,4
test_002182,1
test_002183,4
test_002184,4
test_002185,1
test_002186,0
test_002187,1
test_002188,3
test_002189,1
test_002190,2
test_002191,1
test_002192,4
test_002193,0
test_002194,2
test_002195,0
test_002196,4
test_002197,0
test_002198,4
test_002199,0
test_002200,2
test_002201,0
test_002202,3
test_002203,1
test_002204,3
test_002205,0
test_002206,3
test_002207,1
test_002208,3
test_002209,4
test_002210,4
test_002211,0
test_002212,4
test_002213,2
test_002214,4
test_002215,4
test_002216,0
test_002217,2
test_002218,0
test_002219,4
test_002220,3
test_002221,1
test_002222,2
test_002223,4
test_002224,0
test_002225,1
test_002226,4
test_002227,3
test_002228,0
test_002229,4
test_002230,4
test_002231,3
test_002232,3
test_002233,3
test_002234,4
test_002235,2
test_002236,2
test_002237,0
test_002238,3
test_002239,1
test_002240,4
test_002241,1
test_002242,0
test_002243,2
test_002244,4
test_002245,1
test_002246,0
test_002247,1
test_002248,2
test_002249,0
test_002250,0
test_002251,4
test_002252,3
test_002253,3
test_002254,3
test_002255,0
test_002256,1
test_002257,4
test_002258,0
test_002259,1
test_002260,3
test_002261,4
test_002262,3
test_002263,4
test_002264,3
test_002265,0
test_002266,0
test_002267,0
test_002268,3
test_002269,3
test_002270,3
test_002271,3
test_002272,0
test_002273,4
test_002274,3
test_002275,1
test_002276,4
test_002277,0
test_002278,3
test_002279,1
test_002280,3
test_002281,2
test_002282,3
test_002283,0
test_002284,4
test_002285,0
test_002286,2
test_002287,3
test_002288,2
test_002289,4
test_002290,1
test_002291,1
test_002292,3
test_002293,3
test_002294,1
test_002295,1
test_002296,0
test_002297,1
test_002298,2
test_002299,0
test_002300,3
test_002301,3
test_002302,2
test_002303,0
test_002304,2
test_002305,4
test_002306,3
test_002307,3
test_002308,1
test_002309,1
test_002310,3
test_002311,4
test_002312,4
test_002313,2
test_002314,2
test_002315,3
test_002316,2
test_002317,2
test_002318,3
test_002319,2
test_002320,4
test_002321,2
test_002322,3
test_002323,0
test_002324,1
test_002325,0
test_002326,4
test_002327,4
test_002328,0
test_002329,4
test_002330,4
test_002331,0
test_002332,4
test_002333,2
test_002334,1
test_002335,1
test_002336,3
test_002337,1
test_002338,4
test_002339,3
test_002340,2
test_002341,4
test_002342,0
test_002343,3
test_002344,2
test_002345,0
test_002346,1
test_002347,1
test_002348,0
test_002349,3
test_002350,3
test_002351,0
test_002352,1
test_002353,2
test_002354,4
test_002355,0
test_002356,0
test_002357,0
test_002358,1
test_002359,3
test_002360,4
test_002361,3
test_002362,0
test_002363,4
test_002364,2
test_002365,4
test_002366,3
test_002367,1
test_002368,4
test_002369,0
test_002370,1
test_002371,0
test_002372,4
test_002373,3
test_002374,0
test_002375,0
test_002376,0
test_002377,4
test_002378,4
test_002379,1
test_002380,0
test_002381,0
test_002382,3
test_002383,1
test_002384,2
test_002385,3
test_002386,4
test_002387,4
test_002388,3
test_002389,0
test_002390,3
test_002391,1
test_002392,2
test_002393,2
test_002394,1
test_002395,4
test_002396,4
test_002397,1
test_002398,2
test_002399,0
test_002400,0
test_002401,0
test_002402,3
test_002403,0
test_002404,4
test_002405,0
test_002406,3
test_002407,4
test_002408,1
test_002409,2
test_002410,4
test_002411,3
test_002412,0
test_002413,2
test_002414,4
test_002415,3
test_002416,3
test_002417,2
test_002418,4
test_002419,0
test_002420,4
test_002421,2
test_002422,4
test_002423,3
test_002424,2
test_002425,0
test_002426,0
test_002427,0
test_002428,3
test_002429,3
test_002430,0
test_002431,4
test_002432,0
test_002433,0
test_002434,1
test_002435,0
test_002436,4
test_002437,4
test_002438,0
test_002439,0
test_002440,1
test_002441,0
test_002442,4
test_002443,3
test_002444,2
test_002445,3
test_002446,4
test_002447,1
test_002448,0
test_002449,2
test_002450,3
test_002451,1
test_002452,0
test_002453,4
test_002454,4
test_002455,1
test_002456,3
test_002457,0
test_002458,4
test_002459,0
test_002460,3
test_002461,1
test_002462,0
test_002463,1
test_002464,0
test_002465,2
test_002466,1
test_002467,2
test_002468,0
test_002469,0
test_002470,1
test_002471,2
test_002472,0
test_002473,3
test_002474,0
test_002475,3
test_002476,3
test_002477,0
test_002478,1
test_002479,4
test_002480,4
test_002481,0
test_002482,4
test_002483,1
test_002484,2
test_002485,1
test_002486,2
test_002487,4
test_002488,2
test_002489,3
test_002490,3
test_002491,0
test_002492,0
test_002493,0
test_002494,1
test_002495,4
test_002496,3
test_002497,1
test_002498,0
test_002499,3
test_002500,3
